wave height_true,wave height_pred
1.1,1.2041864
1.0,1.051004
0.7,0.7682902
0.7,0.68821365
0.7,0.7017211
0.7,0.7541292
0.5,0.43049067
1.1,1.0105467
0.5,0.57870376
0.8,0.8189754
0.6,0.6450571
1.1,1.1116309
1.3,1.2547351
1.2,1.0305877
1.5,1.3056107
0.8,0.76552486
1.2,1.0307733
0.8,0.7428474
1.7,1.7434348
0.8,0.70442057
0.9,1.0246677
0.8,0.8064956
0.9,0.75862986
0.7,0.74125993
0.6,0.6720193
1.5,1.3985994
0.9,0.89446646
0.7,0.4790678
0.5,0.44850388
1.0,0.8806755
1.0,0.7718173
0.8,0.6498571
1.0,1.0594804
1.1,1.0556144
1.0,0.8856005
0.6,0.72747463
0.7,0.66291845
0.6,0.66991216
1.1,1.2361556
0.8,0.81307644
1.5,1.716147
0.7,0.5554172
0.9,0.83113825
1.0,0.8425863
1.0,0.9106207
0.7,0.678144
1.5,1.4116143
0.8,0.7696163
0.8,0.70289636
1.3,1.1451187
0.9,0.8859392
0.9,0.7334691
1.0,1.0804919
0.7,0.6246504
0.8,0.90379804
1.0,0.96587485
1.0,1.1329454
0.8,0.8073939
0.8,0.7454135
0.9,0.8888867
0.6,0.6206234
0.8,0.8618789
0.9,0.9025585
1.2,1.0794897
0.9,0.871347
0.9,0.8614629
0.8,0.68700904
0.6,0.6141507
1.9,2.0043566
1.0,0.96437716
2.1,2.1067648
1.1,0.9961661
0.6,0.544983
0.8,0.7796673
1.3,1.346013
0.8,0.634541
2.0,1.8784764
0.5,0.5052145
0.7,0.7504783
0.8,0.6270945
1.2,1.109719
0.9,0.90639883
0.8,0.851743
0.8,0.741389
0.7,0.85789585
6.4999995,6.832073
1.1,1.2107985
1.5,1.3252827
0.7,0.71674377
1.3,0.6839525
0.8,0.91816396
1.1,0.9894705
1.1,1.0832552
0.8,0.7291728
1.2,1.4976203
0.6,0.63647693
0.6,0.63543856
0.8,0.7926646
0.6,0.58079314
1.0,1.0523783
2.4,2.326019
3.2,3.5281405
0.7,0.7326215
0.8,0.7419576
1.2,1.1315196
0.9,0.9041144
0.7,0.7355361
0.7,0.85664284
0.6,0.7941092
1.0,0.93686366
1.2,1.436731
0.6,0.7739543
1.1,0.8829952
0.6,0.6643162
1.2,1.0573733
0.7,0.68059534
1.0,0.9740285
0.7,0.7075727
1.2,1.1985341
0.8,0.747708
0.8,0.8074105
1.1,1.1484289
1.0,0.95584244
1.1,1.0367864
1.0,1.0079889
0.9,0.98580015
1.0,1.2725226
0.9,0.8269806
0.6,0.6420805
1.0,0.7607516
0.5,0.50895643
1.2,0.96763057
0.5,0.5437612
1.3,1.3808047
0.6,0.62922394
1.2,1.1657519
0.9,0.7950634
0.9,0.86083865
0.6,0.6533136
0.7,0.9102776
2.1,2.0857136
1.1,1.1037292
0.6,0.6206802
1.0,0.9723933
0.8,1.0128117
1.0,0.9583408
1.2,1.2019824
0.9,0.90934205
0.8,0.88851374
0.9,0.93440396
0.5,0.50509036
0.9,0.86564636
1.0,0.9160781
0.7,0.693685
1.2,1.2268591
0.9,1.0237228
1.3,0.8397225
0.5,0.46435028
0.8,0.817443
1.3,1.4072076
0.7,0.7033495
1.0,0.8890255
0.7,0.7106635
0.6,0.5862289
0.6,0.6250171
0.7,0.8491555
1.1,1.0866395
0.9,0.92955256
0.7,0.6934563
0.7,0.7777247
1.2,1.2533922
0.6,0.6054897
0.8,0.8356803
0.7,0.7728489
1.0,1.1379827
2.2,2.1101544
0.6,0.61678386
0.6,0.6943639
0.6,0.59145975
0.8,0.7950043
1.1,1.376597
0.7,0.57535714
1.0,0.90476185
0.6,0.6323575
1.0,0.95426935
0.6,0.6302831
1.7,1.753305
1.0,1.0979347
0.7,0.6837387
0.7,0.60405016
0.9,0.96544063
1.1,1.1497593
1.1,1.0552194
0.5,0.5183816
0.5,0.4871467
1.0,0.9215283
0.7,0.72113675
1.2,1.2086775
0.6,0.61281383
1.6,1.7468013
1.1,1.0402223
0.6,0.541089
1.4,1.3145735
0.9,1.0262606
0.7,0.72753584
0.6,0.6622023
0.6,0.6613651
0.6,0.7704663
1.1,0.9305099
0.5,0.60798734
0.7,0.7442845
0.7,0.74174845
1.1,1.0711563
0.9,0.8917688
0.7,0.8416602
1.1,1.0132114
1.1,1.0751975
1.0,0.9836916
0.6,0.58969635
1.7,1.5332294
0.7,0.78626215
0.5,0.53383136
0.8,0.79106426
0.6,0.5822876
1.2,1.1742542
1.1,1.1167672
0.8,0.82234734
1.2,1.0726197
1.2,1.2295861
1.0,1.0304208
0.7,0.7273632
1.9,2.2248344
1.1,1.0008715
0.8,0.9213968
0.5,0.45518833
0.8,0.84813637
0.8,0.8922237
0.6,0.63053656
0.8,0.71380436
1.0,0.8406566
0.5,0.48974314
0.7,0.59925205
0.8,0.86792135
1.1,1.0994804
0.7,0.69805413
1.4,1.313026
2.0,1.8691046
0.7,0.8007094
1.1,1.0697327
1.0,0.9984696
0.8,0.7893789
1.0,1.0023844
0.9,0.7821245
1.3,1.3835187
0.7,0.90242726
0.8,0.73665106
0.8,0.8797924
0.8,0.8374329
1.5,1.1665641
0.7,0.7234
0.8,0.7932676
0.9,0.83992255
1.1,1.2243812
1.0,0.87306786
1.4,1.4384911
1.4,1.4774169
1.2,1.2553352
0.9,0.9171348
0.6,0.649576
0.9,0.9563191
1.0,1.0144744
0.5,0.57994145
1.1,1.1613294
1.1,1.1611803
0.9,0.9798504
1.9,1.8070984
1.4,1.368788
1.4,1.397948
1.2,1.2878871
0.9,0.9612302
0.7,0.6991695
0.7,0.678696
0.9,0.9401699
3.8,4.2535577
0.6,0.6350953
1.0,1.0093715
0.8,0.8267995
0.5,0.4906399
0.8,0.8189093
0.5,0.61834264
0.7,0.77959317
0.7,0.79619926
0.7,0.7617205
0.7,0.8151856
0.8,0.71327287
1.0,1.0716665
1.2,1.2460781
0.8,0.7764142
1.8,1.6463349
0.9,0.8871799
0.9,0.89863956
0.8,0.9494782
1.2,1.0965899
0.7,0.8955817
1.0,1.1391355
0.7,0.59773016
1.0,0.97427666
0.7,0.8526341
1.9,2.1372712
0.7,0.6673705
0.8,0.9050161
1.0,0.97391355
1.1,1.1522921
1.4,1.3753397
0.7,0.76610786
0.6,0.8620603
0.8,0.8163719
1.3,1.1439681
1.1,1.176611
1.1,1.216696
1.9,1.831196
1.1,1.0327922
0.6,0.6202144
0.8,0.81987983
1.1,1.1340457
0.8,0.59884506
0.8,0.69456935
1.7,1.2436453
0.6,0.5290308
0.9,0.8867251
1.0,0.87247306
0.8,0.7590624
0.5,0.6405479
1.5,1.5998142
2.3,2.458289
0.7,0.7578489
0.9,0.8465175
1.5,1.5309945
0.6,0.5671988
0.8,0.9309593
0.8,0.9259077
0.7,0.63648087
0.7,0.74755764
2.0,1.8762813
1.0,1.0175307
0.8,0.72210306
0.5,0.6242237
0.5,0.5851428
1.1,1.0388588
0.5,0.56954783
1.0,1.0303628
0.8,0.89445376
0.7,0.63960564
1.0,0.975475
1.0,1.0020761
0.8,0.82000387
1.2,0.9296506
1.2,1.1921008
0.8,0.76437914
1.2,1.0986406
0.8,0.78412443
0.7,0.71942127
0.9,0.9023845
1.0,0.91751677
0.9,0.9797037
0.7,0.60118204
0.7,0.7185724
0.8,0.67233634
1.1,0.9568335
2.7,2.5172114
0.8,0.85551184
0.7,0.71202326
0.7,0.65661633
0.7,0.6619584
2.7,2.9563208
1.3,1.4233997
1.1,1.0677389
1.6,1.6651372
1.0,0.9870493
1.0,1.1904123
1.6,1.6831754
0.7,0.50241065
1.1,1.1094064
0.8,0.86019707
0.6,0.68589294
1.9,1.6964475
1.7,1.7426546
0.7,0.7122499
0.7,0.88587755
1.1,1.1076825
0.5,0.48149255
0.7,0.68635744
1.6,1.8742806
1.0,0.9564409
1.6,1.717839
0.7,0.7177369
1.2,0.9189293
0.9,0.8954976
0.6,0.6760575
1.2,1.1444125
0.6,0.57844985
0.9,0.99867123
1.1,1.1753925
0.7,0.6557858
5.0,4.6557307
0.9,0.9070316
0.8,0.8111894
1.0,1.0346255
0.7,0.70382565
0.5,0.5272647
3.7,3.4716985
0.9,0.9423142
1.2,1.3235958
1.2,1.1590024
1.6,1.8910617
0.7,0.7264967
0.6,0.6862846
1.0,1.1162523
0.7,0.6557074
0.7,0.73744875
1.1,1.0011594
1.0,1.0875661
0.5,0.50942695
0.5,0.5461068
1.0,0.97052455
0.9,0.77778095
1.4,1.472266
1.1,0.9760041
1.4,1.3954798
0.5,0.54319096
0.6,0.6795009
0.8,0.7879877
1.5,1.5670867
1.2,1.1951029
0.8,0.6956227
0.9,0.936567
0.8,0.7936845
0.9,0.9716194
0.8,0.875559
1.5,1.3424236
0.6,0.6031773
1.0,0.8626966
1.0,0.98060507
0.6,0.54442763
0.8,0.7315189
0.8,0.63168454
0.5,0.60583484
0.6,0.48876244
0.9,0.8151013
0.9,0.7490437
0.5,0.55656415
0.7,0.7011535
1.2,1.1825392
0.9,0.9691785
1.8,1.6763291
2.1,2.2095742
0.8,0.62217414
0.8,0.806632
0.7,0.7971494
1.2,1.1465468
1.1,1.0821732
0.6,0.61623824
0.8,0.69805866
0.7,0.7146435
0.7,0.80451685
0.9,0.83925265
1.6,1.3450992
0.5,0.7033545
1.0,0.89371115
1.1,1.1151848
0.8,0.80441815
1.1,1.1398953
1.2,1.273827
0.8,0.7502517
1.3,1.226439
0.9,0.97500485
0.8,0.9368397
0.6,0.61056036
1.0,1.1757815
0.7,0.7558269
0.8,0.86531734
1.2,1.2484237
1.1,0.7966963
0.9,0.978899
0.9,1.0784893
0.7,0.77835673
1.1,1.1840844
0.8,0.90881807
0.6,0.5597095
0.7,0.7850298
0.7,0.6085057
1.3,1.1720358
1.0,1.1036943
1.0,0.8494742
1.0,0.9534138
1.7,1.7231083
1.6,1.6049718
1.7,1.4049997
0.8,0.8696601
0.9,0.95931804
0.6,0.5561445
0.7,0.60936177
1.2,1.1993891
1.8,1.5983379
0.8,0.8379011
0.7,0.674011
1.0,1.107287
0.7,0.6971664
0.7,0.56174695
0.6,0.6508264
1.8,1.8054651
1.0,0.9809994
0.5,0.47426024
1.6,1.5669523
0.6,0.4990753
0.7,0.6969602
0.9,0.9259895
0.7,0.7492812
0.7,0.7368157
0.6,0.6349365
1.5,1.4083608
0.7,0.83456516
1.4,1.4117038
0.7,0.6813063
0.8,0.82324564
0.6,0.5918817
0.6,0.4792511
0.6,0.6820074
1.0,1.023269
0.8,0.83402824
0.9,0.8140163
0.6,0.58821917
1.1,1.0784721
1.7,1.6497127
0.8,0.81716883
0.8,0.79192555
0.6,0.70703423
1.0,1.2701942
1.3,1.4739335
0.9,0.8732825
1.2,1.363907
0.9,0.9033194
0.8,0.93237966
0.9,0.8683364
0.6,0.72030324
0.8,0.866987
1.1,0.9808209
1.4,1.5746939
0.8,0.79731834
0.7,0.8729744
0.7,0.6786264
1.4,1.3809173
0.8,0.7077521
0.8,0.68876314
1.0,1.0809747
1.5,1.3146303
0.9,0.7834841
0.9,0.88605505
0.7,0.7108685
0.6,0.57304233
1.5,1.5630823
0.8,0.69904804
0.8,0.77804905
0.7,0.6472224
0.9,0.84099543
1.1,1.172271
1.7,1.7904671
1.5,1.7148288
0.6,0.5861942
1.1,1.165244
1.2,1.2140075
1.7,1.605085
0.9,0.84393114
0.8,0.79652697
1.0,0.9189296
0.7,0.7026022
0.6,0.6627302
1.1,1.1397825
1.1,1.1579437
0.4,0.42800364
1.0,1.0265573
0.8,0.8497589
1.2,1.2287883
1.4,1.255862
1.0,0.91651523
0.7,0.7184879
0.9,0.92250955
1.7,1.587631
0.7,0.62767094
0.5,0.60946274
0.8,0.84553343
0.7,0.7618905
0.8,0.96426874
1.9,1.7022085
0.7,0.6445472
1.0,0.9771004
0.8,0.7043759
0.7,0.6604899
1.5,1.378539
0.9,0.87904453
0.8,0.7641125
2.1,2.2318165
0.9,0.8510793
0.7,0.6560438
0.7,0.57194287
1.0,1.0984751
0.9,0.8508513
0.7,0.7934261
1.4,1.4707391
1.2,0.8930501
1.0,0.9437234
0.8,0.8587382
1.0,0.89858896
1.1,1.2199107
0.9,0.8569442
0.8,0.7731588
0.8,0.6960009
0.9,1.0124213
0.6,0.62191576
1.0,1.0703663
1.1,1.0440279
0.5,0.49039006
0.8,0.9241679
1.1,1.0658889
0.7,0.6918557
0.7,0.87495357
0.7,0.72535336
0.5,0.5902418
0.9,0.9673865
0.9,1.0233663
1.1,0.9823205
1.0,1.0351149
0.7,0.68153584
1.0,0.8346788
2.3,2.5932236
0.9,0.8771678
0.9,0.9231452
2.6,2.7091527
1.3,1.1617342
0.9,0.83481234
0.8,0.82014394
1.4,1.319511
1.8,1.7153757
1.5,1.4200622
1.0,1.1994303
0.8,0.8525375
0.8,0.93987125
0.9,0.82344687
0.8,0.9209475
0.7,0.68966496
1.0,1.0353397
2.4,2.8376462
0.8,0.8008149
2.3,2.1305087
1.1,0.947524
2.9,2.6588316
0.5,0.5316383
1.3,1.4013523
0.9,0.877751
1.1,0.9854829
1.2,0.9867821
0.7,0.6787241
1.1,1.2066926
1.3,1.2893122
0.5,0.5741914
0.8,0.84501535
0.7,0.661826
1.1,0.98155385
0.9,0.98791575
0.6,0.585939
0.8,0.7546754
0.8,0.8279239
0.9,0.92630136
0.7,0.61097926
1.2,1.1962987
0.7,0.6473843
0.9,0.8383498
0.6,0.62094104
1.0,1.1831493
1.1,1.0666428
0.8,0.87949514
0.9,0.9450678
0.6,0.7249281
0.7,0.6776941
1.1,1.2035549
1.2,1.196932
1.0,0.97363746
0.6,0.6281919
0.6,0.5716364
1.1,1.0605632
0.6,0.5331306
1.1,1.0813761
1.6,1.4947495
1.0,0.8751558
0.9,0.79704976
0.6,0.6093835
0.5,0.68624985
0.7,0.6464686
1.3,1.1626282
4.6,3.5877395
0.5,0.6238856
1.7,1.5111114
0.5,0.49992448
0.7,0.7246901
0.8,0.79199386
1.0,0.9903621
0.7,0.6875244
0.7,0.6962002
2.2,2.2515123
0.8,0.68640304
1.2,1.1777728
0.9,0.9565247
1.2,1.3044734
0.8,0.7527022
0.4,0.43959355
2.1,1.8743522
0.8,0.79003876
1.0,0.9057868
0.9,0.673204
2.1,2.0412602
0.6,0.65224195
0.8,0.71204245
0.7,0.62125725
0.6,0.61148834
1.1,1.1596304
0.9,0.77110875
0.6,0.6044481
2.8,2.480575
1.6,1.5195795
1.1,1.0967089
1.6,1.6241716
1.0,0.93073237
0.7,0.7098437
0.8,0.7613788
1.0,1.0548337
2.2,1.9068501
0.7,0.7535105
1.6,1.6011056
1.3,1.4545012
0.7,0.5578746
0.8,0.7507483
0.6,0.64076877
1.3,1.0352958
1.1,1.0709621
1.2,1.1625426
1.2,0.98393214
0.8,0.78941953
0.7,0.79254955
0.5,0.57858384
0.8,0.9133808
2.9,2.9117684
0.7,0.77201605
0.8,0.79943496
0.8,0.93081623
1.2,1.1520667
0.9,0.90250754
1.3,1.2319653
0.8,0.7309597
1.1,1.1782107
1.5,1.2066141
0.9,1.029377
1.0,1.0438808
0.5,0.54276955
0.6,0.61422527
1.3,1.4075445
0.7,0.7151534
0.8,0.83365977
0.8,0.8275914
0.7,0.6793001
0.7,0.79436785
0.5,0.5537307
1.1,1.078405
0.6,0.6758185
0.7,0.7961227
1.7,1.7458237
0.7,0.6565715
1.3,1.3938805
0.9,0.8914427
0.8,0.78535986
0.5,0.56096524
0.7,0.80560833
1.0,1.0333668
1.0,1.0516763
0.7,0.75001585
0.7,0.51877344
0.7,0.65091777
0.7,0.7433871
0.9,0.74179816
1.3,1.1791767
1.2,1.2888488
0.5,0.5266469
1.5,1.3253063
0.8,0.71031225
0.8,0.90587217
0.9,0.80157596
1.0,1.070759
0.6,0.63539743
0.6,0.59736943
1.9,2.0493379
0.6,0.7029466
0.8,0.81380475
2.3,1.9335326
0.6,0.5848247
2.0,2.3484051
1.2,1.3687394
0.6,0.5725353
0.4,0.4820951
0.9,0.7966604
1.3,1.1392373
1.2,1.16834
0.7,0.5855261
0.8,0.8390114
6.2999997,4.9969153
1.0,0.9784603
0.7,0.8507602
2.0,2.0361104
0.9,0.8604859
1.1,1.1365207
0.7,0.70837307
1.0,1.0561746
0.6,0.6038077
0.9,0.81232077
0.6,0.6475418
1.3,1.1879749
0.5,0.4623318
0.5,0.55965763
1.0,1.0042236
1.6,1.4853575
1.0,0.9836303
0.7,0.6770497
1.0,1.0200292
0.7,0.69564015
0.7,0.60065764
1.0,1.1872127
1.1,1.2672517
0.6,0.5856533
1.3,1.2732044
1.8,1.691006
1.0,1.1893338
0.9,0.92316943
0.7,0.5428149
0.8,0.77325445
1.9,2.1780844
0.6,0.6354311
0.7,0.7656445
0.9,0.8728042
0.8,0.57700944
1.0,0.9788673
1.7,1.5179163
1.2,1.0849985
0.7,0.66869855
0.5,0.66337353
0.7,0.68132913
0.8,0.71171016
1.2,1.2381554
0.8,0.8634966
0.9,0.87631005
1.5,1.5598574
0.8,0.8118359
1.4,1.5903562
0.9,0.96950793
0.5,0.6272504
0.8,0.8421672
0.9,0.9743548
1.4,1.498263
0.6,0.565581
0.9,0.96714073
0.6,0.6496114
1.1,1.1564573
1.0,0.961609
0.6,0.610741
0.9,0.7775173
1.2,1.2258577
1.8,1.6633365
0.8,0.956434
1.0,0.85261494
0.9,0.9651209
0.7,0.66809225
0.7,0.6682522
2.6,1.9976714
0.7,0.6499476
0.7,0.81701714
0.8,0.8239558
0.6,0.74841344
0.9,0.9253362
1.9,1.6789895
0.7,0.7174556
1.0,0.9506192
1.0,0.9398197
0.8,0.82301414
1.1,1.0871727
0.7,0.72335464
0.6,0.59730643
0.9,1.0107441
1.2,0.9781645
0.7,0.76779336
0.9,1.0254965
0.6,0.6582724
0.8,0.6156659
1.1,1.1521592
1.9,1.90236
0.6,0.72348565
1.2,1.1692165
0.5,0.58101445
1.2,0.90910435
0.8,0.7068306
1.5,1.2715976
1.0,0.95674634
0.7,0.64973044
0.6,0.6418237
0.9,0.85277563
0.8,0.76783544
3.4,3.0358055
0.8,0.8121269
0.9,0.93980056
0.9,0.9119685
1.1,1.0063283
1.5,1.158291
1.2,1.1811634
2.1,1.9090272
1.0,1.1473216
0.6,0.56231993
1.2,1.2421546
1.0,0.91392726
0.9,0.84618664
1.3,1.0353559
0.7,0.6293319
1.3,1.3317634
0.9,1.0326674
0.9,0.97701496
1.1,1.0851771
0.8,0.7800629
0.6,0.64740556
1.5,1.318587
0.9,0.95525444
0.9,0.822916
0.5,0.48663548
2.0,1.864214
0.7,0.5206928
0.7,0.6870861
0.6,0.57061744
0.7,0.7469094
1.0,0.99019396
0.9,0.9100475
1.1,1.0184524
1.8,1.4742533
0.9,0.87227845
0.9,0.9073173
1.0,0.87071145
0.9,0.9994616
0.7,0.6519558
0.7,0.6580529
0.5,0.6648485
1.1,1.1671532
1.2,1.0824778
0.7,0.65746474
0.7,0.696807
0.6,0.6870578
0.7,1.0224282
0.7,0.68910503
1.1,1.0193595
1.0,0.96857727
0.7,0.6169828
0.8,0.7309825
1.0,0.8737748
0.7,0.69749594
0.6,0.5955476
0.6,0.71196705
0.6,0.5815254
1.0,1.1658508
0.7,0.62513405
1.3,1.2343332
0.6,0.5866493
0.8,0.68205404
0.6,0.56447786
1.0,1.0998546
0.8,0.75978667
0.8,0.67744935
1.2,1.4161235
1.0,0.98716027
1.1,1.1348987
0.8,0.86461085
0.7,0.8035893
0.9,0.96907675
0.9,0.812267
1.2,1.1657224
0.7,0.7405318
1.8,1.6954997
0.9,0.8802399
1.1,1.0596572
0.9,0.9814225
0.8,0.856828
0.7,0.84732974
1.0,1.0127227
1.1,1.0796245
0.9,0.8848266
0.4,0.3753139
0.5,0.58770776
0.7,0.6962362
0.7,0.80227536
0.8,0.8908798
0.5,0.49363855
1.0,1.0336133
0.5,0.5719714
1.2,1.1520759
0.8,0.82759863
0.7,0.79811335
0.7,0.5817888
1.0,1.0899495
0.7,0.6686012
1.2,1.1138315
1.1,1.0982878
0.6,0.7096306
0.7,0.64356583
1.2,1.2501097
2.6,2.859579
0.6,0.63966256
1.0,1.0213196
0.6,0.6142554
0.7,0.71103245
0.8,0.80934244
1.1,1.0026362
1.6,1.3947825
1.9,2.0293794
0.7,0.65733105
0.8,0.748555
0.8,0.88335365
0.8,0.77216095
0.8,0.9615228
1.3,1.1112719
0.7,0.7442399
1.1,1.099427
0.7,0.65417343
1.0,0.8966455
0.8,0.7766609
0.7,0.7568351
0.7,0.7893486
1.8,1.9535962
0.8,0.79121435
1.8,1.8646194
1.3,1.2455517
0.6,0.53112465
0.7,0.7108613
0.6,0.56995213
1.1,1.0929224
0.7,0.5709426
0.7,0.78887546
0.6,0.60352373
0.8,0.81007445
0.8,0.94891953
0.6,0.66235036
0.8,0.9109401
0.7,0.4260441
0.7,0.86808056
0.7,0.7574264
0.6,0.5348
0.9,0.85347253
0.6,0.6190358
0.6,0.373279
0.8,0.7788349
0.8,0.7705428
0.8,0.8224263
1.7,1.7352978
1.4,1.3306535
1.0,0.96765226
0.9,0.9043617
0.9,0.86566955
1.2,1.237012
0.9,1.061559
3.2,3.5273077
1.0,1.1393182
1.1,1.1250105
1.0,0.93985337
1.5,1.6823889
1.0,0.9319273
1.0,0.86138076
0.7,0.72889316
1.3,1.2083884
1.3,1.261829
1.2,1.0849822
0.5,0.58483374
0.8,0.69050235
1.0,0.948135
1.4,1.4131969
0.5,0.56251574
0.8,0.7603686
0.7,0.7427226
0.9,0.8170142
2.0,2.047698
0.4,0.385027
1.2,1.3039491
1.0,0.7033545
0.7,0.64472073
0.7,0.60367763
0.6,0.5244212
0.9,0.9103291
0.8,0.61053574
0.8,0.8349246
0.5,0.51918936
0.6,0.6273391
0.8,0.87088454
1.0,1.0125674
0.5,0.49709487
0.6,0.61395514
2.1,2.17405
1.3,1.1472563
1.5,1.5530367
0.8,0.7979794
0.5,0.4379699
0.6,0.59526074
1.4,1.4264961
0.6,0.599515
1.0,1.0840052
0.9,0.9167044
1.0,1.1412462
0.8,0.8250274
0.9,0.8015016
0.9,0.865674
1.1,0.9216713
0.6,0.619933
0.7,0.45968667
0.8,0.81829923
0.8,0.91856253
0.8,0.9012092
0.7,0.79074436
1.0,1.1563993
1.1,0.82809216
0.6,0.6814855
1.2,1.0391005
0.7,0.66508186
1.2,1.310789
0.7,0.7853933
1.2,1.190427
0.9,0.9077496
1.4,1.8003695
0.9,0.67428815
1.5,1.3275902
1.7,1.564486
1.2,1.272652
1.6,1.4068494
1.0,0.9866573
0.7,0.81757593
0.9,0.9499349
1.1,1.0161272
0.7,0.68691874
2.3,2.0518534
1.1,1.2026533
0.9,0.8292336
1.0,1.0403874
0.6,0.8144212
0.9,1.036545
1.2,1.2311138
1.3,1.3257717
1.5,1.4439051
1.1,1.0023273
0.7,0.7640414
1.2,1.07738
1.3,1.2579644
1.5,1.5671276
0.4,0.42788604
2.1,2.0149322
0.6,0.6296714
0.6,0.59720147
1.2,1.0451481
1.5,1.5089446
0.8,0.6830811
0.6,0.6373345
1.1,1.0616264
1.0,1.1924216
0.7,0.69920844
0.7,0.80920935
0.9,0.99283886
0.5,0.5038807
0.6,0.6117547
0.9,0.82946676
0.8,0.78238004
0.5,0.5411391
1.1,1.0346409
1.3,1.3316809
0.6,0.72474444
2.1,2.199901
1.2,1.1868122
0.7,0.4758931
0.7,0.6684706
1.5,1.3039161
0.8,0.8595463
0.6,0.59912175
0.8,0.94450974
0.8,0.8943199
0.9,0.90381795
0.7,0.81977457
0.7,0.7358951
0.9,1.0553385
0.8,0.8707025
1.3,1.1861649
0.6,0.6449375
0.7,0.6248794
1.1,1.1185368
1.0,0.9319421
0.7,0.81884396
1.3,1.2809758
1.0,1.0520501
0.7,0.7119354
0.9,0.94059676
1.0,0.89001447
0.7,0.69544405
2.2,2.3478713
0.9,0.9521416
0.5,0.58528674
0.8,0.71751213
0.9,0.9155097
0.7,0.62934405
0.7,0.83468854
0.6,0.61649567
0.6,0.65632904
0.7,0.6790872
0.8,0.7289144
1.0,1.1367702
0.9,0.9644167
0.6,0.58480513
0.7,0.7064477
0.8,0.7758675
1.1,1.2154895
0.8,0.68548167
1.0,0.9714005
0.9,0.8220463
0.9,0.96458495
0.6,0.5545693
0.9,0.89319336
0.7,0.6867617
1.2,1.3000373
0.7,0.5994467
1.6,1.6649116
0.9,1.0521816
0.8,0.74196845
1.4,1.1816746
0.8,0.9251554
0.6,0.7683292
4.4,3.1294827
0.9,0.95181274
1.2,1.2107084
1.0,0.937809
1.5,1.4596002
1.0,1.0445771
2.9999998,3.113206
1.2,1.1944222
0.6,0.5868619
1.1,0.9970308
0.6,0.6271434
0.7,0.78069353
0.9,0.7852723
0.4,0.36843008
1.2,0.9751096
1.7,1.6323464
1.1,1.0558702
0.9,0.8222191
0.7,0.77411383
3.9999998,3.9572155
0.6,0.5299715
3.2,3.6578028
0.5,0.70412594
0.7,0.69782823
0.7,0.65996355
1.0,0.9347979
2.1,1.5855782
1.1,1.1236359
0.7,0.6553036
0.8,0.5341876
1.1,1.26053
0.6,0.65075177
2.3,1.8042212
1.0,1.0405363
1.2,1.2913849
0.7,0.7321682
0.9,0.970473
0.7,0.80759144
1.0,1.0951724
0.6,0.66139716
1.7,1.8174907
0.7,0.5107412
1.1,0.9601146
0.8,0.7478615
0.8,0.88925797
0.8,0.8726529
0.9,0.7732798
1.4,1.2648853
1.1,1.0538306
2.1,1.6379836
1.3,1.4861664
1.2,1.0982963
0.6,0.7075069
0.8,0.861015
0.7,0.6366476
0.8,0.90255415
0.9,1.0272038
1.0,0.9692161
1.5,1.4600627
0.9,0.92869085
0.6,0.6945701
0.8,0.73900694
1.4,1.363643
1.0,0.9741203
0.8,0.8257813
1.6,1.4724342
1.2,1.2679578
0.9,0.84481657
1.0,0.9790555
0.5,0.5613735
0.6,0.521139
1.2,1.2944211
0.8,0.8873662
2.8,2.7504501
0.8,0.71536744
0.6,0.5796697
1.3,1.3778154
0.9,0.905347
1.0,0.9086683
0.9,0.9411369
0.6,0.66955525
1.3,1.3358195
0.9,0.8634976
0.9,0.82618535
1.3,1.2633401
1.0,0.89190215
1.5,1.3764418
0.6,0.6636969
1.6,1.5363569
0.6,0.71303
0.6,0.611377
1.1,0.92393994
1.0,0.91592413
0.7,0.7464893
0.7,0.6081618
0.7,0.6498739
0.9,0.90924513
0.8,0.87115127
0.9,0.8678485
1.0,0.9395976
0.8,0.9247002
1.1,0.9962227
0.7,0.5486303
1.4,1.3574787
1.0,1.1215812
2.0,2.0047717
0.6,0.6797071
1.8,2.0033114
1.0,1.067324
0.9,0.92679125
1.0,0.9726724
0.5,0.6515365
1.0,0.9952279
1.0,1.0112884
1.1,1.0408834
1.0,0.84420395
0.7,0.79621756
0.6,0.5158384
0.5,0.5813973
0.8,0.8608847
0.6,0.55433357
0.9,0.82151747
1.5,1.5621688
1.1,0.9786165
1.7,1.649871
0.7,0.9008516
0.8,0.7664986
1.1,1.1974466
1.0,0.9749202
0.8,0.701302
0.7,0.77607435
1.1,0.94099444
1.1,1.1202772
0.6,0.54268545
1.1,1.1849073
0.5,0.5716195
0.5,0.53832537
1.1,1.4193598
1.6,1.5397707
0.6,0.60061836
0.7,0.671165
1.0,1.087095
1.0,0.97836995
0.7,0.7642425
0.9,0.8654423
0.6,0.5751696
0.8,0.74278134
1.1,0.7822203
0.6,0.6964709
0.7,0.8558512
1.1,1.211002
2.7,3.1137753
1.1,1.2325941
1.5,1.7117581
0.7,0.6999428
2.9,2.6403039
0.6,0.5818522
0.6,0.68501866
0.8,0.91121805
1.4,1.2980399
1.4,1.239484
0.6,0.65410936
0.8,0.936772
1.5,1.5965239
0.9,0.90337116
0.9,0.85372335
0.8,0.7884602
0.7,0.70225966
1.1,1.0405772
1.5,1.4834708
2.7,2.702252
0.7,0.8444657
0.7,0.67827326
0.6,0.60832155
1.0,1.0606346
0.9,0.9705177
0.6,0.6190306
1.1,1.2378237
0.8,0.6190898
1.0,0.9342581
0.7,0.72155124
1.4,1.4920737
1.1,0.99545646
1.1,1.1153713
1.3,1.3065642
0.8,0.846504
1.1,1.121345
0.8,0.7960797
1.2,0.96877426
0.9,0.74539167
1.1,0.9622617
1.0,1.0099614
0.6,0.7502298
0.7,0.6160815
1.1,1.064862
0.8,0.8336106
0.9,0.90969974
0.8,0.8008506
1.4,1.2086142
0.6,0.6698219
0.8,0.8544506
1.0,0.9497824
0.7,0.5513793
1.5,1.2196144
0.7,0.68447155
1.1,1.3813511
0.9,0.9189702
0.9,0.8372465
1.4,1.4426069
1.0,0.9955211
0.8,0.7543575
1.4,1.3604437
0.5,0.50336945
0.6,0.56671154
0.8,0.7751835
1.2,1.1786177
0.7,0.78091854
0.9,0.8982018
1.0,1.0573227
1.3,1.4482398
0.6,0.59791666
0.5,0.47912696
0.8,0.7913885
0.7,0.66006035
1.1,1.2325151
0.7,0.85296357
1.0,1.0690461
0.7,0.72680825
1.2,1.2322019
0.8,0.9537948
0.6,0.58133966
1.7,1.7583033
0.8,0.80853677
0.9,0.92200273
0.8,0.8581525
1.2,1.2914741
0.6,0.58861786
0.7,0.74780935
1.1,0.9099363
1.0,1.0222032
0.5,0.5410261
1.0,1.0037367
0.9,0.9470062
0.6,0.559817
1.3,1.058034
0.9,0.9917653
1.3,1.2283001
0.8,0.7873377
0.8,0.7685703
0.8,0.85773295
1.1,1.0440052
1.0,1.0348531
0.7,0.8063252
1.8,2.096205
0.9,0.95856285
0.7,0.66501033
0.6,0.6401267
0.9,0.98225886
1.0,1.1392924
1.1,1.1182637
0.8,0.9037192
0.5,0.47206673
2.4,1.919101
0.7,0.77400917
0.6,0.7903435
0.9,1.035851
0.9,1.1027758
0.8,0.9885556
0.6,0.5861892
0.7,0.7324961
0.4,0.40695608
0.5,0.47364858
1.1,1.0520258
0.8,0.9652913
1.6,1.5650715
0.7,0.71453
0.9,1.0412129
1.6,1.5106795
0.5,0.59655553
0.7,0.6570008
0.6,0.5190072
0.8,0.8662198
0.9,0.9798872
1.2,1.3322626
0.6,0.6380779
0.4,0.39690772
0.9,0.81724036
0.9,0.83867013
0.5,0.5281298
1.0,1.1263864
0.7,0.6721868
0.9,0.97664267
0.8,0.7784167
0.9,0.6333876
0.7,0.73069626
3.2,2.4607239
0.5,0.4697429
0.6,0.61794394
1.2,1.1848717
0.7,0.7077256
0.9,1.2389404
0.8,0.8782857
1.1,1.1883855
0.7,0.81435573
1.3,1.0986861
0.8,0.9564267
1.0,1.0194141
0.9,0.9551436
1.5,1.6039532
0.6,0.6314552
1.2,1.0522817
0.6,0.7544933
0.9,0.9408946
0.7,0.70893675
1.1,1.0994916
1.3,1.2422988
0.6,0.69811755
1.4,1.4744884
0.5,0.5448879
1.2,1.2307594
0.7,0.80029166
0.6,0.6409927
0.7,0.768214
0.7,0.86431307
0.6,0.5390069
1.1,1.1337123
0.8,0.8368202
1.5,1.531384
0.8,0.9365189
1.1,0.96173626
0.9,0.90702385
0.6,0.6270696
0.9,0.82683456
1.5,1.3968861
0.7,0.6467174
0.7,0.7544556
1.1,1.0559739
0.8,0.82091624
1.1,1.2474433
0.8,0.71821654
0.7,0.65436584
1.2,1.0649431
0.9,0.8510588
0.5,0.49285513
0.7,0.7400288
0.7,0.57502365
1.0,0.95558476
1.1,1.1268864
1.1,1.1558048
1.1,1.3134499
1.0,1.1576675
0.6,0.6785918
1.2,1.106966
1.0,1.134678
0.9,0.91488403
0.9,0.98421437
0.9,0.8316198
0.4,0.35243267
0.6,0.59028304
1.1,0.95886415
0.30000004,0.61142844
0.9,0.769659
0.5,0.6293284
1.6,1.7161168
0.9,0.92018336
1.0,0.9274141
1.0,1.1618656
0.9,0.8780263
1.2,1.4004613
1.1,1.1870548
1.0,1.0675963
0.9,1.099519
1.1,1.0972818
0.8,0.86482227
1.6,1.5934134
0.8,0.8779352
1.1,1.1137893
1.0,1.0371314
0.9,0.72091436
0.6,0.59825563
1.2,1.1686891
0.9,0.8381552
0.6,0.5672957
0.9,1.0639352
1.5,1.2993923
0.9,0.76542383
1.2,1.25249
0.9,0.87848437
0.7,0.68131804
0.5,0.50648403
0.8,0.9602845
0.6,0.6324937
0.7,0.6169239
0.7,0.87681323
0.9,0.56392825
0.5,0.4833615
1.5,1.3537097
1.0,0.9753341
0.6,0.6734225
0.7,0.51547825
0.7,0.6832707
0.6,0.65879434
0.6,0.6857238
0.7,0.7059896
0.8,1.0236943
0.8,1.0457735
1.3,1.2427825
1.2,1.0417639
0.4,0.54412585
0.9,0.8763822
0.7,0.71178496
0.6,0.6731868
1.1,1.0204915
1.2,1.3182733
1.0,0.9408067
1.0,1.04321
0.9,0.94571555
0.7,0.5463498
1.2,1.0478315
0.7,0.7190249
0.7,0.7580012
2.7,2.8039234
0.9,0.8806711
0.7,0.7988541
0.9,0.7771773
1.1,1.0769324
0.9,0.700162
0.8,0.9100651
1.0,1.0141504
0.7,0.852354
0.6,0.6500634
1.3,1.5357107
0.6,0.600082
1.4,1.3345419
1.0,1.0264649
1.1,0.9858744
0.6,0.739906
0.7,0.73665076
1.6,1.6021289
0.9,1.0003934
1.0,0.9546468
0.6,0.59848773
1.5,1.6495323
0.7,0.6269997
1.0,1.0526507
1.0,0.8741995
0.8,0.7538552
1.0,1.0076383
0.6,0.6873839
0.8,0.5632745
1.0,0.9934735
0.8,0.7890761
0.6,0.72510916
0.8,0.9112375
3.8,3.804061
0.7,0.7066936
0.6,0.6198141
0.9,0.8487602
1.0,1.0587126
1.2,1.323919
1.0,1.1065652
0.6,0.61277044
0.8,0.72603875
0.8,0.7510126
0.5,0.4009066
0.6,0.6086165
0.7,0.6307428
0.9,0.82021314
0.5,0.5639556
0.8,0.80827016
0.7,0.69099605
0.8,0.755912
0.6,0.5258005
0.8,0.70214885
0.9,0.7873988
1.0,1.0114034
2.0,1.5113431
0.6,0.6178624
1.2,1.3263168
0.9,0.8815596
0.9,1.0336297
0.9,0.82196087
0.8,0.9166252
0.6,0.6334207
1.3,1.1951395
1.5,1.6414539
1.5,1.5771822
0.9,1.1268495
0.8,0.8012597
0.6,0.6307695
0.5,0.6766683
1.8,1.629385
1.1,1.2250423
0.9,0.8892871
0.8,0.7535787
0.5,0.4471867
0.9,0.88997746
1.6,1.6877809
0.7,0.7491499
1.1,1.1705756
0.6,0.6047758
1.1,0.96263856
1.4,1.3168262
1.0,1.1450647
0.7,0.624125
0.9,0.7523456
0.8,0.9097753
0.6,0.8188002
1.1,1.0216743
0.9,0.8400934
0.7,0.6574984
0.8,0.95851123
1.7,1.7188486
0.8,0.8844053
1.3,1.4193035
0.6,0.6254065
1.1,1.076642
3.1,3.0813158
1.1,1.0711285
0.5,0.60092026
2.9999998,2.952401
0.9,1.039477
0.8,0.8174199
0.7,0.6335133
0.8,0.88373935
2.2,2.4803214
0.6,0.679319
0.9,0.92960656
1.1,1.3337225
0.6,0.77915037
0.7,0.56292856
1.0,0.93292993
1.1,1.0356852
0.7,0.74422616
0.8,0.78320324
1.0,1.0546831
0.8,0.7949384
1.0,0.84017646
0.7,0.61847484
1.4,1.4789963
1.0,0.7899103
0.8,0.88411856
1.0,1.1976933
0.9,0.90666527
0.8,0.7901406
1.7,1.4339432
0.9,0.91330343
1.5,1.3275859
0.7,0.77121806
1.1,0.97899586
1.0,0.9191366
1.0,0.97862685
2.1,1.8729832
1.0,1.0345778
1.5,1.2712635
0.7,0.6498871
0.6,0.6403876
0.6,0.6520398
0.9,0.73361284
0.9,0.90115535
1.0,0.8537136
1.4,1.2871213
1.8,2.0404093
0.7,0.7026341
1.2,1.3634835
0.8,0.8400085
0.7,0.7565069
0.7,0.7555645
1.0,0.99687135
0.9,1.0247705
1.2,1.0973794
0.6,0.5880337
0.7,0.74331886
0.8,0.8660897
0.6,0.6903789
1.1,1.1991735
0.8,0.7744742
0.6,0.5722743
0.9,0.8525578
0.8,0.8568702
0.8,0.7528496
0.8,0.69487077
0.9,0.7829855
0.9,0.9133983
1.0,1.1052052
0.8,0.76202667
1.2,1.0035309
0.7,0.90951824
0.5,0.6024721
0.6,0.7788229
0.9,0.99510527
0.9,0.8745037
0.7,0.7692731
1.0,1.0328904
1.3,1.2190852
0.7,0.72615385
0.9,0.77737457
0.7,0.8029581
1.2,1.0721251
0.7,0.6553822
1.2,1.2681744
0.9,0.7967775
0.8,0.8221443
0.7,0.65716004
0.9,0.89778256
1.0,1.1437173
2.2,2.1758518
0.5,0.6413058
0.8,0.8424758
1.2,1.4644487
1.0,1.0741853
1.0,0.9687874
0.6,0.61661845
0.9,0.66232336
0.7,0.72675484
0.6,0.5560446
1.1,1.0428326
0.8,0.89785933
0.6,0.85686874
0.8,0.7036847
0.7,0.72712415
1.1,1.2436978
0.9,0.9514567
0.9,0.7500581
2.0,1.9306138
1.0,1.122606
0.9,0.8173913
1.3,1.060454
0.7,0.7131106
0.9,0.9214869
0.6,0.7058206
0.9,1.0375711
1.0,0.8405264
0.8,0.6668768
0.5,0.5043121
1.0,1.0683681
1.0,0.9950308
1.4,1.3751489
1.0,0.8421886
0.9,1.0371075
2.8,2.370507
1.2,1.1890184
0.6,0.59767765
1.2,1.1156785
1.0,0.91054106
0.9,1.0002068
1.3,1.215501
1.4,1.3538855
1.1,1.2036828
0.6,0.6080814
0.7,0.7299724
0.7,0.62880933
0.8,0.7751128
1.2,1.1534735
1.2,1.1595372
2.3,2.1076007
0.7,0.705643
1.2,1.0426282
1.1,1.1447732
0.5,0.52225524
0.9,0.91532373
0.7,0.719796
0.8,0.8108614
0.7,0.7631292
0.5,0.6469366
1.1,1.070734
1.0,0.91288406
0.5,0.4698143
0.9,0.87589735
1.3,1.313123
0.6,0.622174
0.8,0.7421661
0.7,0.7062035
1.1,1.3345716
1.1,1.0524344
0.7,0.49460253
1.1,0.976927
0.7,0.7384135
0.9,0.77435845
0.8,0.7717179
0.8,0.9356569
0.7,0.65710807
0.9,0.8864402
0.7,0.45832577
1.0,1.1053784
0.6,0.62768334
0.9,1.02407
0.6,0.7520736
0.9,0.995045
0.6,0.6150205
0.7,0.6445584
2.0,1.8161628
1.2,1.1445006
0.6,0.588975
0.5,0.49760863
0.7,0.5170123
0.8,0.92969143
0.9,0.8465748
0.9,0.8506868
2.3,2.293212
0.7,0.666335
0.9,0.9084487
1.2,1.2686604
1.0,0.9816491
0.7,0.983263
1.1,1.2524743
1.0,0.9545583
1.2,1.2089448
1.1,1.0467917
0.9,0.8148251
1.1,1.0033494
1.1,1.1785535
0.7,0.8283659
0.7,0.7652571
1.2,1.1764764
1.1,0.9901318
0.6,0.5769595
1.1,1.08846
1.0,0.9800375
0.9,0.61742216
0.6,0.6416674
0.6,0.7469665
0.9,0.9019023
0.9,0.86801016
0.5,0.547154
0.7,0.6923556
1.4,1.3917387
1.1,1.0936879
0.7,0.64440185
1.1,1.1537511
0.8,0.7828363
1.1,0.9769108
1.4,1.4619948
0.8,0.8403531
0.9,0.7813796
0.7,0.7452186
0.7,0.7925317
1.0,1.0728552
1.1,1.0161617
0.9,0.98884994
0.9,0.95351684
0.8,0.7386222
0.8,0.8632428
1.5,1.3942056
0.9,1.133038
0.8,0.8455186
1.2,1.2134974
1.4,1.3039062
0.7,0.8700728
0.9,0.82424766
0.9,1.0298741
0.7,0.67684805
1.1,1.1778497
1.0,0.865601
1.0,0.9154882
0.9,0.9166949
0.9,0.9601925
0.8,0.8046892
0.8,0.7055468
1.6,1.4634316
0.9,0.77945614
0.7,0.7514813
1.3,1.3064224
0.7,0.71903944
1.0,0.8854486
0.6,0.5775911
1.3,1.1941222
0.5,0.5135158
0.9,0.9805725
1.1,0.9799316
1.2,1.0019158
0.7,0.8784099
0.7,0.68049186
0.6,0.59079015
0.8,0.8865497
0.8,0.69683766
0.8,0.8339761
0.6,0.43165845
0.8,0.8585312
0.6,0.6154264
1.7,2.0705056
0.6,0.6372919
0.6,0.6266641
0.8,0.7453909
1.1,0.94634575
0.5,0.5995324
0.8,0.8355189
1.2,1.0457755
0.8,0.71788955
1.0,1.0822861
0.9,1.0356319
0.7,0.6133702
1.4,1.1748428
0.9,0.92035943
1.3,1.1511527
0.8,0.7306546
1.6,1.4014382
0.5,0.5492676
1.3,1.2151194
0.7,0.75416225
1.1,0.949452
0.5,0.6356864
0.7,0.6399256
1.0,1.0056205
1.2,1.1707264
1.4,1.484607
0.8,0.6985283
1.1,1.1687888
0.7,0.64177126
1.0,1.0007179
0.8,0.9958223
1.0,0.996932
1.2,0.9797207
0.8,0.9060381
0.7,0.73983425
0.8,0.7875481
0.9,0.8615405
1.1,1.0581398
0.6,0.6216091
1.0,1.114143
0.9,0.92249715
0.7,0.67758006
1.1,1.1743624
0.5,0.5547141
0.8,0.7835096
1.0,1.0114158
1.0,0.92515147
0.7,0.7069011
0.9,0.96095586
0.9,0.9001712
0.9,0.87560976
0.6,0.6219313
1.2,1.1140239
1.0,0.9325512
0.5,0.441885
0.9,0.922326
2.0,2.0160098
1.2,1.3614364
1.0,1.0131937
1.4,1.3659242
1.1,1.1087763
1.1,1.0208089
0.6,0.62868017
1.2,1.1487601
1.3,1.3634298
1.9,2.1510227
0.7,0.7932918
0.6,0.7265634
0.5,0.61360985
1.4,1.5786549
1.1,0.967245
0.7,0.7505163
0.8,0.7423013
0.8,0.8774714
1.1,1.1206127
1.0,1.1257869
0.7,0.6838722
0.7,0.87335086
0.7,0.7860206
0.7,0.6126746
0.6,0.6581684
1.0,0.7848943
0.8,0.772011
1.2,1.2329596
0.6,0.5413893
1.1,1.3311065
1.6,1.4955095
0.6,0.73811394
0.7,0.7580954
0.7,0.6732189
1.2,1.0157565
0.9,0.78486747
0.8,0.81746
0.7,0.7806668
0.9,0.91651195
0.7,0.6143026
0.5,0.47569874
0.9,0.76724684
0.7,0.65006137
0.6,0.5951271
1.4,1.2894397
1.0,1.0888147
1.1,0.87678635
1.1,1.2650273
0.7,0.71158665
1.0,0.9816874
0.6,0.6527754
1.0,1.0564955
0.5,0.591605
1.7,1.4860319
3.2,2.858746
0.9,0.79720575
0.7,0.61686796
0.5,0.513843
0.9,0.8685957
1.1,1.4614232
0.9,1.1850908
1.6,1.8477851
0.6,0.58779496
0.8,0.7949492
1.7,1.5266557
0.9,1.0101304
0.8,0.7491857
0.8,0.7522775
0.9,0.87795776
1.5,1.4594989
0.8,0.87698287
1.3,1.2598336
1.1,1.0941834
0.6,0.5138863
1.0,0.8696992
1.3,1.3699975
1.4,1.2497386
0.8,0.8325411
1.1,0.87624
0.8,0.8422819
1.1,1.2475873
0.5,0.5425739
0.6,0.62304765
1.0,1.0294743
1.0,1.129638
0.5,0.5269449
0.5,0.5217523
0.6,0.43967977
1.3,1.2882979
0.7,0.8468523
0.6,0.68944967
0.6,0.519383
1.1,1.0658177
0.6,0.71445805
0.6,0.69020116
1.2,1.4151275
1.2,1.3169194
2.3,2.080623
1.0,0.902258
1.4,1.1235085
0.8,0.8660873
0.8,0.76766884
1.4,1.5123122
1.1,1.0126904
0.7,0.83277
0.6,0.70188934
0.8,0.86234003
0.9,0.89066076
2.2,2.1326847
1.6,1.5501839
0.7,0.75819635
0.6,0.60834736
1.0,1.0187087
0.8,0.86375386
1.0,1.0229264
0.9,0.9580132
5.0,5.283559
1.1,1.1591873
0.9,0.9290662
0.6,0.66153616
0.7,0.7550371
0.5,0.59782964
0.7,0.8269896
1.2,1.0749469
1.0,1.0723425
0.6,0.6393511
1.1,0.85430115
0.9,0.90363145
0.9,0.86581856
1.7,1.7096888
1.0,1.0806081
0.9,0.8868715
0.7,0.61507833
0.6,0.57023597
0.6,0.6352595
0.5,0.4594184
0.7,0.7860876
1.0,0.7971575
0.7,0.6098721
0.7,0.7028288
1.6,1.5016978
1.2,0.79145944
0.8,0.85797215
1.1,1.0201234
0.7,0.76124024
0.8,0.9962836
0.7,0.80970246
1.0,0.9824442
1.0,0.95422685
1.2,1.0703112
0.7,0.7100324
0.8,0.77718693
1.2,1.247425
1.0,0.9041229
0.8,0.9684077
1.0,0.8323293
1.9,1.7754805
1.0,1.0127648
0.9,0.98626053
0.5,0.6173506
0.9,0.87715995
0.8,0.7060461
0.6,0.56148547
0.7,0.5662239
1.0,1.0643109
0.9,1.0097544
0.6,0.6526338
0.6,0.68527794
0.5,0.5357954
1.0,1.0126032
1.3,1.4071987
0.5,0.5215738
0.6,0.72537637
1.0,0.9162595
2.0,1.6839988
0.4,0.4054847
1.2,0.987346
1.2,1.198584
0.8,0.80783087
1.5,1.5188524
1.4,1.2792212
0.7,0.7609029
1.2,1.3601142
0.5,0.537883
0.7,0.62578523
0.8,1.0121875
0.8,0.92371273
0.6,0.7606221
1.9,2.0641987
0.4,0.41281697
0.6,0.5826951
0.7,0.60257185
1.2,1.2619947
0.9,0.9468743
1.1,1.2420275
0.6,0.68672454
0.8,0.85291
1.0,1.0314825
1.6,1.7203668
0.5,0.48429325
1.3,0.8665982
1.2,1.0093827
0.7,0.6533248
0.9,0.98769236
0.7,0.65222806
0.7,0.7401774
1.0,1.0369136
0.5,0.52599096
0.7,0.6831639
0.7,0.7924908
1.6,1.5350561
0.7,0.8371118
0.8,0.88673705
0.9,0.9389553
0.6,0.67504954
1.9,2.4062543
0.7,0.7227088
1.3,1.4513508
1.0,1.1023235
0.9,0.829494
0.6,0.738389
0.9,0.89987737
1.4,1.1496754
0.8,0.742838
0.4,0.6219898
0.8,0.81806004
0.6,0.5259209
0.8,0.9435991
1.3,1.2459823
0.7,0.7239986
0.6,0.63799405
0.7,0.73048645
1.1,1.1332626
0.7,0.7895475
1.0,1.0478156
1.4,1.1365489
2.0,1.7958449
0.6,0.6077918
0.7,0.71470785
1.9,1.7385869
0.7,0.7241737
0.5,0.5611736
0.8,0.86147964
0.7,0.7018871
1.0,1.2606301
2.2,2.9571033
0.7,0.6569324
1.2,1.2212268
0.9,1.0727344
0.8,0.74864143
1.3,1.1094778
0.5,0.49743232
1.5,1.5833324
0.7,0.62485874
0.8,0.8721144
0.7,0.71478164
1.2,1.2552266
0.8,0.9424023
1.0,1.0867044
1.0,0.9857715
0.9,0.6361553
1.2,0.9544681
0.9,0.9839376
0.8,0.9323646
0.9,0.957218
0.9,0.92130363
0.7,0.69895613
1.2,1.3292459
0.9,1.043092
0.9,0.89757454
1.0,1.0991547
1.2,1.0067568
1.6,1.76815
0.6,0.6827964
2.5,2.3791034
1.2,1.1799566
0.9,1.1019715
0.6,0.55189556
0.7,0.8337372
0.7,0.7395838
0.6,0.6181473
0.7,0.7757442
0.8,0.85274786
0.9,0.80009586
1.3,1.2539809
1.5,1.1908163
2.0,1.9350374
0.8,0.7395142
1.0,0.8203026
0.8,0.87640476
0.8,0.76262903
0.7,0.7425131
0.6,0.49418128
0.5,0.58665
0.5,0.6187686
0.9,0.8256373
0.8,0.67146206
4.7999997,5.1479616
1.4,1.426951
0.9,0.8695145
1.1,1.0560814
1.1,1.3561693
0.9,0.9238073
1.0,0.9308123
1.0,1.1001517
0.8,0.7437703
1.3,1.3875245
0.7,0.5802746
0.8,0.9234981
0.7,0.83573306
1.3,1.3894866
0.8,0.99075997
0.6,0.6417502
0.8,0.7994631
1.1,1.1447569
1.0,1.1449913
1.3,1.3319805
0.7,0.6635208
0.7,0.6754055
0.9,0.8719781
0.6,0.7605356
1.0,1.0132364
1.0,0.77352166
0.6,0.5420724
0.8,0.75698054
0.6,0.6652228
1.1,1.181692
1.1,1.0228482
0.9,0.96973413
0.6,0.6452701
1.0,0.82333255
0.7,0.7253971
0.6,0.6100912
0.8,0.8915226
0.9,0.9433657
1.1,1.0791737
0.7,0.8028971
0.9,0.9768282
0.9,0.89419866
0.5,0.6603476
0.8,0.9033412
0.7,0.69035333
1.2,1.1011864
1.2,1.1273142
0.8,0.8156811
0.8,0.81073916
1.9,1.5016237
0.6,0.5966602
0.7,1.0646478
1.0,1.1248516
0.9,0.9981414
0.7,0.8475577
0.8,0.93764377
1.8,1.7857028
0.6,0.6165529
1.0,1.020122
1.4,1.18583
1.9,2.1140127
0.9,0.9643722
0.7,0.8392949
1.2,1.173073
0.5,0.5568772
0.8,0.80707127
2.2,1.9675021
1.0,1.062777
0.9,1.0336026
0.8,0.6825427
0.9,0.65670234
0.7,0.6460131
4.2,3.4714072
1.4,1.4085878
1.2,1.1411918
5.0,5.2155886
1.6,1.5321455
1.1,1.3006884
1.0,0.7681048
1.6,1.5348862
0.7,0.6667514
0.8,0.796382
1.5,1.4825784
1.0,0.852582
1.3,1.2720395
0.9,0.854271
0.8,0.89928305
0.5,0.51963615
1.6,1.7098951
0.9,0.78177816
1.0,1.1523939
0.7,0.73714703
1.4,1.2727383
1.3,1.3734846
1.0,1.0297108
1.0,0.74569446
1.3,1.2228085
0.8,0.57237667
0.9,1.0820256
1.0,0.94545937
0.9,0.7721547
1.1,0.9086884
1.0,1.1618291
1.6,1.4109069
0.9,0.97417647
0.9,0.9641058
0.9,0.8789895
1.2,1.1048669
0.8,0.7409649
1.1,1.1372024
0.8,0.8694101
0.6,0.47448766
0.9,0.9193261
0.7,0.7313417
0.7,0.6367905
2.4,2.2607388
0.7,0.60941184
0.8,0.83328587
0.6,0.6238359
1.0,1.0919363
1.4,1.3004447
0.6,0.61413896
1.1,1.2415917
1.5,1.2883193
0.6,0.5938806
0.8,0.7164975
0.9,0.98023146
1.8,1.735884
1.1,1.1491177
0.9,0.92217356
2.2,2.0917292
0.7,0.8183526
0.6,0.75569534
1.3,1.3557179
0.5,0.67648566
0.7,0.45172682
0.7,0.7106896
0.8,0.71719354
0.7,0.84835726
1.2,1.3531371
0.8,0.8790954
0.8,0.86071974
1.3,1.5499883
1.6,1.4790012
0.9,0.8906417
0.8,0.8446853
1.7,1.4943298
0.9,0.88325816
1.2,1.0582805
0.7,0.65509856
0.5,0.5395809
1.3,1.3198146
0.7,0.93841684
1.2,1.2352283
0.6,0.63185835
0.8,0.80581325
1.8,1.5865182
0.6,0.5862147
0.6,0.6136198
1.0,1.1468713
0.9,0.9031727
1.1,1.1934242
0.8,0.8063719
1.1,1.0054611
2.1,2.0773923
0.9,0.8963298
0.6,0.64923424
0.7,0.7055657
0.8,0.8696288
0.7,0.58248985
0.7,0.706048
0.6,0.8390903
0.7,0.7004304
0.8,0.91025674
0.6,0.581125
1.6,1.3625053
1.1,0.98356247
0.7,0.6998379
1.0,0.9455253
0.7,0.829905
0.7,0.6116988
0.8,0.8674595
0.8,0.80049217
0.8,0.84481883
0.8,0.8499353
0.7,0.80101407
0.8,0.8379907
1.1,1.1056615
1.0,1.0796306
1.3,1.5177566
0.9,0.9885612
1.2,1.1593735
0.7,0.74149156
0.7,0.5739417
1.0,1.0812109
0.7,0.6645415
0.9,0.79789424
3.7,3.6117368
0.6,0.74864405
1.4,1.2368188
0.6,0.5581954
0.9,0.7384661
0.9,0.9182967
0.6,0.5559256
0.5,0.58209676
0.6,0.598356
0.9,0.8763094
0.7,0.8528288
1.0,1.1045475
1.2,1.2305576
0.9,0.768115
1.2,1.1758059
1.3,1.1493359
1.2,1.180214
0.8,0.74108875
0.7,0.6796486
1.0,0.9637388
0.8,0.76606935
0.9,0.9465326
1.1,1.0972252
0.9,0.8778196
1.5,1.273538
0.6,0.6333209
0.6,0.73049206
0.9,0.86271197
0.8,0.64635086
0.6,0.67975813
0.8,0.84836775
1.0,0.9692832
1.0,0.98549783
0.5,0.77880806
1.2,1.2023997
0.8,0.843449
0.5,0.5929043
0.9,0.863338
1.1,1.1845142
0.6,0.63083935
0.8,0.8059388
0.8,0.7789516
0.7,0.70556915
0.8,0.6935204
1.0,1.0706198
0.7,0.6843094
0.8,0.8316475
1.0,0.86567295
1.0,1.0174028
0.6,0.5489091
1.2,1.1406776
0.6,0.6121917
1.2,1.2148254
1.6,1.3240253
0.7,0.69431114
1.5,1.2731771
1.3,1.3906214
0.8,0.8551981
1.1,0.9991896
0.6,0.50791866
0.9,1.0950823
0.7,0.78964835
1.3,1.4440457
0.9,0.8981616
0.8,1.0923343
1.0,0.88781816
0.9,0.8691904
0.6,0.67953074
0.9,0.989136
1.2,1.4422609
0.7,0.72733617
0.6,0.6056844
0.8,0.50426793
1.1,1.0173877
0.5,0.49855098
1.2,1.3108953
0.7,0.85934466
1.3,1.2562709
0.9,0.8987755
1.5,1.5476985
2.0,1.9581602
1.4,1.4788864
1.7,1.7750782
0.5,0.50212413
0.7,0.58280796
0.7,0.7640255
0.6,0.5932133
0.8,0.85645795
0.7,0.68822163
0.6,0.6073619
1.1,1.0739586
0.6,0.56802034
0.9,0.9256012
0.8,0.73645896
0.9,0.8459952
1.0,0.99656945
1.1,0.9843784
1.5,1.6652657
0.7,0.6412765
0.6,0.45626888
2.0,2.2144911
0.7,0.7676856
1.6,1.5386155
0.6,0.77952945
1.3,1.2310469
1.0,1.0554068
0.7,0.74932194
1.2,1.2551118
2.1,2.2006776
1.0,0.9952553
0.7,0.8133082
0.6,0.57431954
0.8,0.82576555
0.6,0.63251394
0.8,0.8012349
0.8,0.88631964
0.7,0.6829676
0.7,0.8572143
1.6,1.7096808
1.3,1.2288885
1.3,1.3293475
0.9,0.8487187
0.6,0.59578687
3.2,3.099228
1.1,1.0971296
0.6,0.6812725
0.6,0.68898475
1.8,1.8862664
0.6,0.56868565
0.8,0.8421688
0.7,0.734553
0.8,0.7365289
0.6,0.56719965
2.5,3.2158902
0.9,0.8890809
1.0,1.0209893
1.1,1.0114317
1.6,1.6299436
0.8,0.73702115
1.6,2.043667
0.8,0.7999102
0.5,0.56005245
1.0,1.0103824
0.9,0.92948586
0.6,0.6276807
1.1,1.0535556
0.6,0.6645682
3.7,3.3300653
0.9,1.0598078
1.1,1.1160308
0.8,0.68962634
0.4,0.41808227
0.6,0.6383491
1.0,1.0416796
1.2,1.0892398
0.7,0.73461145
0.6,0.55029744
0.7,0.7055151
0.5,0.5865916
0.6,0.5990843
0.8,0.9394016
0.7,0.69690084
